{
    "covid": 1.7990888945377006,
    "coronavirus": 1.7261632179426951
}