{
    "covid": 1.7990916394055296,
    "coronavirus": 1.7261651449065498
}